fName,lName,phone,email,guestStatus
Shannon,Spencelayh,558-453-8789,sspencelayh0@ehow.com,0
Edik,Diggons,596-992-2417,ediggons1@irs.gov,0
Maggy,Bearcroft,955-359-6423,mbearcroft2@shutterfly.com,1
Berkie,Goldby,127-402-4444,bgoldby3@altervista.org,1
Pierce,Brownell,535-250-6174,pbrownell4@netlog.com,0
Shay,Bertolaccini,688-507-5831,sbertolaccini5@php.net,1
Dolley,Olner,101-621-2295,dolner6@seesaa.net,1
Jacki,Kadwallider,754-302-7091,jkadwallider7@ehow.com,0
Bartel,Charlin,817-637-0991,bcharlin8@mapquest.com,1
Wilek,Siehard,522-968-7010,wsiehard9@google.co.jp,0
Moe,Pieracci,346-111-0172,mpieraccia@yellowpages.com,0
Selena,McKain,356-890-3174,smckainb@spotify.com,0
Parrnell,Osichev,599-992-8076,posichevc@narod.ru,0
Lindsay,Bocken,530-181-1672,lbockend@unicef.org,1
Austina,Scutter,472-776-1846,ascuttere@stanford.edu,0
Avery,Bowgen,327-237-3308,abowgenf@ox.ac.uk,0
Rebecka,Jewel,197-781-0319,rjewelg@google.it,0
Kaylil,Arniz,802-382-0124,karnizh@spotify.com,1
Jarrett,Vinter,535-865-5013,jvinteri@github.com,0
Ham,Durkin,400-422-1591,hdurkinj@seattletimes.com,1
Levi,Dionisi,654-903-9905,ldionisik@reddit.com,0
Ernesta,Carwithen,818-514-1765,ecarwithenl@usnews.com,0
Ephrem,MacHostie,117-299-6414,emachostiem@mozilla.com,0
Ric,Ding,873-958-7396,rdingn@scientificamerican.com,0
Hillery,Adams,296-596-7313,hadamso@naver.com,0
Prue,Griswood,793-248-2582,pgriswoodp@upenn.edu,0
Buck,Over,643-145-1790,boverq@hhs.gov,1
Minni,Gisborne,489-542-8477,mgisborner@pbs.org,0
Otis,Tomankowski,173-205-1268,otomankowskis@disqus.com,1
Sollie,Freestone,812-199-0711,sfreestonet@walmart.com,0
Pat,Raybould,718-377-6646,praybouldu@forbes.com,1
Shepard,Schwieso,131-827-7878,sschwiesov@hao123.com,1
Damian,Von Oertzen,336-893-8852,dvonoertzenw@phpbb.com,1
Sallie,Boomes,645-236-1196,sboomesx@nasa.gov,1
Lacie,Gownge,496-969-1723,lgowngey@tinypic.com,0
Margaretta,Liddard,943-640-4361,mliddardz@alexa.com,1
Meris,Neesham,979-877-4103,mneesham10@so-net.ne.jp,0
Ker,Muttitt,708-541-4045,kmuttitt11@mashable.com,1
Talya,Donson,962-723-7424,tdonson12@opera.com,0
Lilli,Leggon,699-425-0544,lleggon13@artisteer.com,1
Jamie,Ruprich,352-119-9650,jruprich14@google.it,0
Anneliese,MacQuaker,951-352-3995,amacquaker15@wsj.com,0
Charlton,Johnke,277-741-1383,cjohnke16@homestead.com,1
Caprice,Sherewood,877-880-1237,csherewood17@newyorker.com,1
Barn,Costy,876-657-1794,bcosty18@latimes.com,0
Bernardo,Duxbury,303-702-6003,bduxbury19@japanpost.jp,0
Laverne,Stockford,943-772-0525,lstockford1a@live.com,1
Georg,Pele,430-128-4894,gpele1b@microsoft.com,1
Gibb,Pennings,386-136-1943,gpennings1c@netlog.com,0
Maggi,Bramall,540-761-0788,mbramall1d@ovh.net,1
Jaimie,Boyat,718-545-2077,jboyat1e@ebay.co.uk,0
Chrissy,Martin,521-589-6414,cmartin1f@army.mil,0
Tarah,Riguard,904-345-0008,triguard1g@yandex.ru,0
Kirk,Richardet,674-566-2717,krichardet1h@google.ru,0
Leonid,Lethley,552-323-8072,llethley1i@webeden.co.uk,0
Lock,Brinkley,941-354-9089,lbrinkley1j@harvard.edu,1
Misty,Hurch,382-805-7641,mhurch1k@spotify.com,0
Adela,Splevins,428-288-4924,asplevins1l@t.co,1
Sholom,Ulrik,611-940-3129,sulrik1m@cloudflare.com,1
Barnabas,Bleasby,351-406-5349,bbleasby1n@wiley.com,1
Florri,Ballinghall,304-310-0551,fballinghall1o@wp.com,0
Renata,Lamyman,914-260-1330,rlamyman1p@ft.com,1
Ora,Ruddle,697-738-2493,oruddle1q@comcast.net,0
Caz,Haddock,624-129-0910,chaddock1r@msn.com,0
Ulla,Rosenzwig,152-320-6162,urosenzwig1s@lycos.com,1
Jeno,Lougheed,116-261-7257,jlougheed1t@springer.com,1
Rasia,Bowling,877-684-9114,rbowling1u@java.com,0
Garrik,Sprules,527-980-1333,gsprules1v@macromedia.com,1
Levon,Latour,585-639-8591,llatour1w@vimeo.com,0
Crystie,Tregona,813-523-1915,ctregona1x@bravesites.com,1
Zeb,Imlin,783-947-7400,zimlin1y@dmoz.org,0
Reggy,Shekle,734-911-1860,rshekle1z@nydailynews.com,1
Brandise,Keaveney,421-301-7802,bkeaveney20@ask.com,1
Jeffie,Pleasance,617-592-6486,jpleasance21@parallels.com,1
Pietrek,Perris,427-199-9593,pperris22@howstuffworks.com,0
Lemuel,Hofer,209-236-8674,lhofer23@wikimedia.org,0
Rustin,Tschersich,224-417-2928,rtschersich24@trellian.com,1
Yoshi,Pimer,630-684-8814,ypimer25@yellowbook.com,1
Hyacinthe,Beever,145-776-4536,hbeever26@oakley.com,1
Cecil,Weekley,683-170-1572,cweekley27@state.tx.us,1
Sawyere,Devas,729-452-0327,sdevas28@thetimes.co.uk,1
Hermon,Roumier,424-326-6758,hroumier29@cafepress.com,1
Dallis,Maryon,357-511-3764,dmaryon2a@fema.gov,1
Hatty,Dimelow,952-760-5810,hdimelow2b@ucla.edu,1
Josy,Djuricic,511-822-1697,jdjuricic2c@adobe.com,1
Christa,Petts,614-863-5059,cpetts2d@discovery.com,0
Sibylle,Cavilla,831-871-6262,scavilla2e@themeforest.net,0
Amity,Squirrel,889-461-1999,asquirrel2f@over-blog.com,0
Celene,Delacroux,603-123-8018,cdelacroux2g@seesaa.net,1
Horton,Kearford,989-276-8107,hkearford2h@un.org,0
Gradeigh,Alywen,503-346-8002,galywen2i@comcast.net,0
Rosemarie,Rulton,701-331-6751,rrulton2j@soup.io,1
Kelly,Bonder,113-566-2432,kbonder2k@globo.com,1
Ilario,Gillice,312-118-3317,igillice2l@squarespace.com,0
Leesa,Shapiro,706-631-8894,lshapiro2m@amazon.com,0
Conant,Vass,220-260-9881,cvass2n@nytimes.com,0
Damian,Klais,754-525-5018,dklais2o@t.co,0
Perrine,Lewzey,904-155-6566,plewzey2p@creativecommons.org,0
Gerek,Penright,416-377-6137,gpenright2q@statcounter.com,1
Celle,Gare,113-390-3087,cgare2r@epa.gov,1
